timeOpen,timeClose,timeHigh,timeLow,open,high,low,close,volume,marketCap,timestamp
2025-08-24 00:00:00+00:00,2025-08-24 23:59:59.999000+00:00,2025-08-24 02:10:00+00:00,2025-08-24 19:38:00+00:00,115387.39,115615.08,111060.54,113458.43,73961489632.0,2259049760359.0,2025-08-24 23:59:59.999000+00:00
2025-08-23 00:00:00+00:00,2025-08-23 23:59:59.999000+00:00,2025-08-23 00:35:00+00:00,2025-08-23 15:12:00+00:00,116866.37,116996.25,114536.11,115374.33,55377142586.0,2297430001315.0,2025-08-23 23:59:59.999000+00:00
2025-08-22 00:00:00+00:00,2025-08-22 23:59:59.999000+00:00,2025-08-22 18:15:00+00:00,2025-08-22 12:36:00+00:00,112433.73,117377.4,111678.95,116874.09,82528088240.0,2326822823274.0,2025-08-22 23:59:59.999000+00:00
2025-08-21 00:00:00+00:00,2025-08-21 23:59:59.999000+00:00,2025-08-21 02:02:00+00:00,2025-08-21 19:39:00+00:00,114275.68,114802.65,111986.23,112419.03,57817883700.0,2238516228088.0,2025-08-21 23:59:59.999000+00:00
2025-08-20 00:00:00+00:00,2025-08-20 23:59:59.999000+00:00,2025-08-20 22:57:00+00:00,2025-08-20 14:18:00+00:00,112828.02,114625.8,112387.96,114274.74,67993811526.0,2275137450833.0,2025-08-20 23:59:59.999000+00:00
2025-08-19 00:00:00+00:00,2025-08-19 23:59:59.999000+00:00,2025-08-19 01:05:00+00:00,2025-08-19 23:55:00+00:00,116241.86,116764.5,112730.4,112831.18,71657600353.0,2246264081038.0,2025-08-19 23:59:59.999000+00:00
2025-08-18 00:00:00+00:00,2025-08-18 23:59:59.999000+00:00,2025-08-18 00:11:00+00:00,2025-08-18 09:35:00+00:00,117453.91,117614.17,114723.68,116252.31,72787808090.0,2314179147653.0,2025-08-18 23:59:59.999000+00:00
2025-08-17 00:00:00+00:00,2025-08-17 23:59:59.999000+00:00,2025-08-17 13:53:00+00:00,2025-08-17 01:08:00+00:00,117492.79,118595.78,117279.52,117453.06,45852169525.0,2338253928062.0,2025-08-17 23:59:59.999000+00:00
2025-08-16 00:00:00+00:00,2025-08-16 23:59:59.999000+00:00,2025-08-16 01:55:00+00:00,2025-08-16 10:23:00+00:00,117398.42,117996.06,117271.95,117491.35,48036922378.0,2338971474695.0,2025-08-16 23:59:59.999000+00:00
2025-08-15 00:00:00+00:00,2025-08-15 23:59:59.999000+00:00,2025-08-15 06:49:00+00:00,2025-08-15 16:17:00+00:00,118365.78,119332.31,116864.57,117398.35,68665353159.0,2337039020728.0,2025-08-15 23:59:59.999000+00:00
2025-08-14 00:00:00+00:00,2025-08-14 23:59:59.999000+00:00,2025-08-14 00:33:00+00:00,2025-08-14 18:23:00+00:00,123339.4,124457.12,117254.88,118359.58,104055627395.0,2356244699278.0,2025-08-14 23:59:59.999000+00:00
2025-08-13 00:00:00+00:00,2025-08-13 23:59:59.999000+00:00,2025-08-13 23:42:00+00:00,2025-08-13 06:05:00+00:00,120168.98,123682.45,118939.63,123344.06,90904808795.0,2455190057730.0,2025-08-13 23:59:59.999000+00:00
2025-08-12 00:00:00+00:00,2025-08-12 23:59:59.999000+00:00,2025-08-12 20:56:00+00:00,2025-08-12 10:15:00+00:00,118717.66,120302.47,118228.72,120172.91,72803657984.0,2391997268649.0,2025-08-12 23:59:59.999000+00:00
2025-08-11 00:00:00+00:00,2025-08-11 23:59:59.999000+00:00,2025-08-11 06:56:00+00:00,2025-08-11 21:54:00+00:00,119306.81,122321.1,118159.03,118731.45,90528784177.0,2363082431522.0,2025-08-11 23:59:59.999000+00:00
2025-08-10 00:00:00+00:00,2025-08-10 23:59:59.999000+00:00,2025-08-10 23:35:00+00:00,2025-08-10 00:02:00+00:00,116497.72,119320.71,116485.17,119306.76,64755458694.0,2374751720810.0,2025-08-10 23:59:59.999000+00:00
2025-08-09 00:00:00+00:00,2025-08-09 23:59:59.999000+00:00,2025-08-09 10:24:00+00:00,2025-08-09 03:09:00+00:00,116678.28,117906.61,116363.84,116500.36,54004312429.0,2318789772860.0,2025-08-09 23:59:59.999000+00:00
2025-08-08 00:00:00+00:00,2025-08-08 23:59:59.999000+00:00,2025-08-08 00:39:00+00:00,2025-08-08 15:47:00+00:00,117505.5,117689.2,115917.46,116688.73,59713005166.0,2322343980632.0,2025-08-08 23:59:59.999000+00:00
2025-08-07 00:00:00+00:00,2025-08-07 23:59:59.999000+00:00,2025-08-07 22:57:00+00:00,2025-08-07 04:57:00+00:00,115030.05,117676.91,114279.71,117496.9,64051649681.0,2338757036672.0,2025-08-07 23:59:59.999000+00:00
2025-08-06 00:00:00+00:00,2025-08-06 23:59:59.999000+00:00,2025-08-06 18:16:00+00:00,2025-08-06 04:39:00+00:00,114140.91,115737.83,113372.25,115028.0,56379133510.0,2289426220057.0,2025-08-06 23:59:59.999000+00:00
2025-08-05 00:00:00+00:00,2025-08-05 23:59:59.999000+00:00,2025-08-05 00:39:00+00:00,2025-08-05 14:47:00+00:00,115072.18,115117.44,112701.11,114141.44,61039182286.0,2271682684065.0,2025-08-05 23:59:59.999000+00:00
2025-08-04 00:00:00+00:00,2025-08-04 23:59:59.999000+00:00,2025-08-04 17:18:00+00:00,2025-08-04 00:15:00+00:00,114223.92,115729.47,114130.4,115071.88,35783028986.0,2290168688368.0,2025-08-04 23:59:59.999000+00:00
2025-08-03 00:00:00+00:00,2025-08-03 23:59:59.999000+00:00,2025-08-03 19:38:00+00:00,2025-08-03 00:39:00+00:00,112525.8,114747.42,111943.8,114217.67,48099615826.0,2273225581674.0,2025-08-03 23:59:59.999000+00:00
2025-08-02 00:00:00+00:00,2025-08-02 23:59:59.999000+00:00,2025-08-02 05:04:00+00:00,2025-08-02 19:15:00+00:00,113320.39,114021.61,112005.77,112526.91,56870866000.0,2239374886795.0,2025-08-02 23:59:59.999000+00:00
2025-08-01 00:00:00+00:00,2025-08-01 23:59:59.999000+00:00,2025-08-01 03:25:00+00:00,2025-08-01 22:52:00+00:00,115738.96,116060.77,112724.44,113320.09,91294530181.0,2255135680884.0,2025-08-01 23:59:59.999000+00:00
2025-07-31 00:00:00+00:00,2025-07-31 23:59:59.999000+00:00,2025-07-31 07:22:00+00:00,2025-07-31 23:42:00+00:00,117833.63,118919.98,115505.22,115758.2,69370346018.0,2303212731756.0,2025-07-31 23:59:59.999000+00:00
2025-07-30 00:00:00+00:00,2025-07-30 23:59:59.999000+00:00,2025-07-30 15:01:00+00:00,2025-07-30 19:07:00+00:00,117921.99,118780.73,115800.83,117831.19,68896148592.0,2344840211128.0,2025-07-30 23:59:59.999000+00:00
2025-07-29 00:00:00+00:00,2025-07-29 23:59:59.999000+00:00,2025-07-29 07:49:00+00:00,2025-07-29 16:39:00+00:00,117938.58,119273.87,116987.37,117922.15,68463107433.0,2346548863679.0,2025-07-29 23:59:59.999000+00:00
2025-07-28 00:00:00+00:00,2025-07-28 23:59:59.999000+00:00,2025-07-28 02:39:00+00:00,2025-07-28 18:36:00+00:00,119457.52,119819.79,117441.44,117924.47,64822943193.0,2346839250913.0,2025-07-28 23:59:59.999000+00:00
2025-07-27 00:00:00+00:00,2025-07-27 23:59:59.999000+00:00,2025-07-27 22:46:00+00:00,2025-07-27 00:13:00+00:00,117944.73,119815.6,117859.69,119448.49,54683390892.0,2377006745710.0,2025-07-27 23:59:59.999000+00:00
